track,slice,value,quantile,rows,dates,delta,signed_total_loss_contribution
Main-A,ALL,ALL,q05,1248,52,0.0043655752431602,0.0008731150486320403
Main-A,ALL,ALL,q10,1248,52,0.00040531175342330177,8.106235068466035e-05
Main-A,ALL,ALL,q50,1248,52,5.2766184670265756e-05,1.0553236934053151e-05
Main-A,ALL,ALL,q90,1248,52,-0.001954550010896667,-0.0003909100021793335
Main-A,ALL,ALL,q95,1248,52,0.0037756071378025067,0.0007551214275605014
Main-A,asset,GLD,q05,156,52,0.007320161103448718,0.000183004027586218
Main-A,asset,GLD,q10,156,52,0.00038996713747732896,9.749178436933226e-06
Main-A,asset,GLD,q50,156,52,-0.00020768654084135318,-5.192163521033832e-06
Main-A,asset,GLD,q90,156,52,-0.00197716460903034,-4.9429115225758504e-05
Main-A,asset,GLD,q95,156,52,0.002889883569502526,7.224708923756314e-05
Main-A,asset,IEF,q05,156,52,-0.0022336196739472865,-5.584049184868215e-05
Main-A,asset,IEF,q10,156,52,5.3038095981500955e-05,1.3259523995375232e-06
Main-A,asset,IEF,q50,156,52,-0.0006281455678956931,-1.5703639197392334e-05
Main-A,asset,IEF,q90,156,52,-0.0012165407658246976,-3.0413519145617433e-05
Main-A,asset,IEF,q95,156,52,0.002302452736753561,5.756131841883901e-05
Main-A,asset,QQQ,q05,156,52,0.002491809784988111,6.229524462470276e-05
Main-A,asset,QQQ,q10,156,52,0.0001256310925289794,3.1407773132244835e-06
Main-A,asset,QQQ,q50,156,52,-0.0001704058523906999,-4.260146309767499e-06
Main-A,asset,QQQ,q90,156,52,-0.006099150805327215,-0.00015247877013318037
Main-A,asset,QQQ,q95,156,52,0.009199064310534704,0.00022997660776336758
Main-A,asset,SLV,q05,156,52,0.004322344398950355,0.00010805860997375888
Main-A,asset,SLV,q10,156,52,0.0004412188264213708,1.1030470660534272e-05
Main-A,asset,SLV,q50,156,52,0.00014480848641891517,3.620212160472877e-06
Main-A,asset,SLV,q90,156,52,-0.0010879334295329393,-2.7198335738323467e-05
Main-A,asset,SLV,q95,156,52,0.004221163350714077,0.00010552908376785192
Main-A,asset,SPY,q05,156,52,0.012454022021450583,0.00031135055053626464
Main-A,asset,SPY,q10,156,52,0.0006066155471869712,1.5165388679674278e-05
Main-A,asset,SPY,q50,156,52,-3.980615479622729e-06,-9.951538699056724e-08
Main-A,asset,SPY,q90,156,52,-0.0032446905735183753,-8.11172643379594e-05
Main-A,asset,SPY,q95,156,52,0.00773479313151516,0.00019336982828787902
Main-A,asset,TLT,q05,156,52,0.0035993632559377323,8.998408139844334e-05
Main-A,asset,TLT,q10,156,52,0.001580514669199885,3.9512866729997124e-05
Main-A,asset,TLT,q50,156,52,-0.00022993617163946718,-5.748404290986677e-06
Main-A,asset,TLT,q90,156,52,-0.001987291166084325,-4.968227915210815e-05
Main-A,asset,TLT,q95,156,52,0.003775462885628018,9.438657214070046e-05
Main-A,asset,UNG,q05,156,52,-0.005996380973290947,-0.00014990952433227363
Main-A,asset,UNG,q10,156,52,-0.0011265717304900413,-2.8164293262251034e-05
Main-A,asset,UNG,q50,156,52,0.0015946101836624765,3.9865254591561915e-05
Main-A,asset,UNG,q90,156,52,0.0032680174657187828,8.170043664296958e-05
Main-A,asset,UNG,q95,156,52,-0.0024943237981491927,-6.235809495372982e-05
Main-A,asset,USO,q05,156,52,0.012966902027744335,0.0003241725506936083
Main-A,asset,USO,q10,156,52,0.0011720803890804194,2.930200972701048e-05
Main-A,asset,USO,q50,156,52,-7.713444447242953e-05,-1.9283611118107343e-06
Main-A,asset,USO,q90,156,52,-0.0032916462035742283,-8.229115508935572e-05
Main-A,asset,USO,q95,156,52,0.002576360915921202,6.440902289803007e-05
Main-A,seed,11,q05,416,52,0.005186629414462528,0.0003457752942975019
Main-A,seed,11,q10,416,52,0.0017884195926283234,0.00011922797284188825
Main-A,seed,11,q50,416,52,0.0005820610108189375,3.880406738792917e-05
Main-A,seed,11,q90,416,52,0.0038986342107675907,0.00025990894738450607
Main-A,seed,11,q95,416,52,0.009741626454192546,0.0006494417636128364
Main-A,seed,37,q05,416,52,0.0018808984198010353,0.00012539322798673567
Main-A,seed,37,q10,416,52,-0.0009019578425766561,-6.0130522838443725e-05
Main-A,seed,37,q50,416,52,-0.0005913893352985891,-3.94259556865726e-05
Main-A,seed,37,q90,416,52,-0.007622681066812108,-0.000508178737787474
Main-A,seed,37,q95,416,52,-0.005756273749084938,-0.0003837515832723291
Main-A,seed,71,q05,416,52,0.006029197895217038,0.0004019465263478025
Main-A,seed,71,q10,416,52,0.0003294735102182375,2.1964900681215823e-05
Main-A,seed,71,q50,416,52,0.0001676268784904488,1.1175125232696585e-05
Main-A,seed,71,q90,416,52,-0.0021396031766454837,-0.00014264021177636557
Main-A,seed,71,q95,416,52,0.007341468708299913,0.0004894312472199942
Main-A,realized_vol_20_regime,HIGH,q05,558,52,0.0034650559440388114,0.0005628298010555765
Main-A,realized_vol_20_regime,HIGH,q10,558,52,1.5166616238018863e-06,2.294667279669975e-05
Main-A,realized_vol_20_regime,HIGH,q50,558,52,0.0006898628578340418,2.8991038872320294e-05
Main-A,realized_vol_20_regime,HIGH,q90,558,52,-0.0014563852085863612,-0.0002206638699728656
Main-A,realized_vol_20_regime,HIGH,q95,558,52,0.0034447339902120375,0.00046096605501815625
Main-A,realized_vol_20_regime,LOW,q05,207,46,-0.0038696028475749835,-0.00010484937480346441
Main-A,realized_vol_20_regime,LOW,q10,207,46,0.0007552117861326979,1.276667945095887e-05
Main-A,realized_vol_20_regime,LOW,q50,207,46,-0.0004419774762505088,-1.7187300014838148e-05
Main-A,realized_vol_20_regime,LOW,q90,207,46,-0.0002565921440407295,-2.0404787246651054e-05
Main-A,realized_vol_20_regime,LOW,q95,207,46,0.0009034847239353808,5.1554034287257334e-05
Main-A,realized_vol_20_regime,MID,q05,483,52,0.006435477226794,0.000415134622379928
Main-A,realized_vol_20_regime,MID,q10,483,52,0.0005606226801252135,4.5348998437001716e-05
Main-A,realized_vol_20_regime,MID,q50,483,52,-9.848591056035851e-05,-1.2505019234289949e-06
Main-A,realized_vol_20_regime,MID,q90,483,52,-0.002164555319350336,-0.00014984134495981676
Main-A,realized_vol_20_regime,MID,q95,483,52,0.0036254013000070226,0.00024260133825508776
Main-A,return_1w_regime,HIGH,q05,384,46,0.002124801023517235,0.0002687765033268875
Main-A,return_1w_regime,HIGH,q10,384,46,-0.00016730533739619076,1.2492821237693809e-05
Main-A,return_1w_regime,HIGH,q50,384,46,0.0001758921878979744,1.309634043118126e-05
Main-A,return_1w_regime,HIGH,q90,384,46,-0.0016419893477216216,-7.399994785125891e-05
Main-A,return_1w_regime,HIGH,q95,384,46,0.004703370157786718,0.00023787974400823176
Main-A,return_1w_regime,LOW,q05,288,43,0.004467185226851949,0.0003180019169388928
Main-A,return_1w_regime,LOW,q10,288,43,0.00011734318071499309,1.6303105144433138e-05
Main-A,return_1w_regime,LOW,q50,288,43,0.0005401247741370518,7.353866220766055e-06
Main-A,return_1w_regime,LOW,q90,288,43,-0.0027844348070912763,-0.00021195252195707484
Main-A,return_1w_regime,LOW,q95,288,43,0.004978996797132619,0.00036198804298442797
Main-A,return_1w_regime,MID,q05,576,51,0.005131932942752996,0.00028633662836625984
Main-A,return_1w_regime,MID,q10,576,51,0.0009407701192590733,5.226642430253339e-05
Main-A,return_1w_regime,MID,q50,576,51,-0.0001284976167190423,-9.896969717894167e-06
Main-A,return_1w_regime,MID,q90,576,51,-0.0017562199362763243,-0.0001049575323709997
Main-A,return_1w_regime,MID,q95,576,51,0.00216301676413124,0.00015525364056784174
Main-A,return_4w_regime,HIGH,q05,489,46,0.0029051072767382674,0.00013936535730211576
Main-A,return_4w_regime,HIGH,q10,489,46,0.00022413539403095924,1.0345813479548622e-05
Main-A,return_4w_regime,HIGH,q50,489,46,-5.002570538983234e-05,-9.290155518539621e-06
Main-A,return_4w_regime,HIGH,q90,489,46,-0.002963560510429305,-0.0002011363140493039
Main-A,return_4w_regime,HIGH,q95,489,46,0.00491775985027385,0.000419796425611406
Main-A,return_4w_regime,LOW,q05,285,44,0.008804696902288507,0.00048402488655245065
Main-A,return_4w_regime,LOW,q10,285,44,0.0009932252900437968,4.21246758590163e-05
Main-A,return_4w_regime,LOW,q50,285,44,0.0008821046792152488,3.0332463200907474e-05
Main-A,return_4w_regime,LOW,q90,285,44,-0.0016064815116511055,-0.00011865666847947349
Main-A,return_4w_regime,LOW,q95,285,44,0.0026993011749430053,0.00020464599282360167
Main-A,return_4w_regime,MID,q05,474,52,0.004769061095728371,0.0002497248047774737
Main-A,return_4w_regime,MID,q10,474,52,0.00029693758742063226,2.85918613460954e-05
Main-A,return_4w_regime,MID,q50,474,52,-1.9146669921226748e-05,-1.0489070748314702e-05
Main-A,return_4w_regime,MID,q90,474,52,-0.0006301120022205064,-7.111701965055609e-05
Main-A,return_4w_regime,MID,q95,474,52,0.0011389029125333922,0.0001306790091254938
Main-A,OUTCOME_CONDITIONAL_magnitude,HIGH,q05,456,49,0.015100764084978307,0.0015208105689003154
Main-A,OUTCOME_CONDITIONAL_magnitude,HIGH,q10,456,49,0.0014768882200206447,0.00014432371704816495
Main-A,OUTCOME_CONDITIONAL_magnitude,HIGH,q50,456,49,-0.00010241331679908933,-1.4319216174310076e-05
Main-A,OUTCOME_CONDITIONAL_magnitude,HIGH,q90,456,49,-0.006690098910248555,-0.0006170098526159331
Main-A,OUTCOME_CONDITIONAL_magnitude,HIGH,q95,456,49,0.011154332503205413,0.0010142880721269111
Main-A,OUTCOME_CONDITIONAL_magnitude,LOW,q05,279,45,-0.005996380973290976,-0.00026810741851733696
Main-A,OUTCOME_CONDITIONAL_magnitude,LOW,q10,279,45,-0.0011265717304900186,-5.037075525748686e-05
Main-A,OUTCOME_CONDITIONAL_magnitude,LOW,q50,279,45,0.0007077346205093293,2.5258826208224748e-05
Main-A,OUTCOME_CONDITIONAL_magnitude,LOW,q90,279,45,0.0029740231928352236,0.0001329731523719596
Main-A,OUTCOME_CONDITIONAL_magnitude,LOW,q95,279,45,-0.0024943237981491792,-0.0001115250544364782
Main-A,OUTCOME_CONDITIONAL_magnitude,MID,q05,513,51,-0.003150922347956413,-0.0003795881017509384
Main-A,OUTCOME_CONDITIONAL_magnitude,MID,q10,513,51,-1.7647088630347113e-05,-1.2890611106017756e-05
Main-A,OUTCOME_CONDITIONAL_magnitude,MID,q50,513,51,0.00020803423851973172,-3.863730998615233e-07
Main-A,OUTCOME_CONDITIONAL_magnitude,MID,q90,513,51,0.000997930905756572,9.312669806464007e-05
Main-A,OUTCOME_CONDITIONAL_magnitude,MID,q95,513,51,-0.0014896143545065177,-0.00014764159012993174
Main-A,availability_count,2,q05,1092,52,0.0031368142739338955,0.0005489424979384318
Main-A,availability_count,2,q10,1092,52,0.0002957733769008564,5.176034095764988e-05
Main-A,availability_count,2,q50,1092,52,7.13234174049365e-05,1.248159804586389e-05
Main-A,availability_count,2,q90,1092,52,-0.0017635362690855867,-0.0003086188470899777
Main-A,availability_count,2,q95,1092,52,0.003946928026642693,0.0006907124046624713
Main-A,availability_count,3,q05,156,52,0.012966902027744335,0.0003241725506936083
Main-A,availability_count,3,q10,156,52,0.0011720803890804194,2.930200972701048e-05
Main-A,availability_count,3,q50,156,52,-7.713444447242953e-05,-1.9283611118107343e-06
Main-A,availability_count,3,q90,156,52,-0.0032916462035742283,-8.229115508935572e-05
Main-A,availability_count,3,q95,156,52,0.002576360915921202,6.440902289803007e-05
Main-A,any_source_OOD,0,q05,1248,52,0.0043655752431602,0.0008731150486320403
Main-A,any_source_OOD,0,q10,1248,52,0.00040531175342330177,8.106235068466035e-05
Main-A,any_source_OOD,0,q50,1248,52,5.2766184670265756e-05,1.0553236934053151e-05
Main-A,any_source_OOD,0,q90,1248,52,-0.001954550010896667,-0.0003909100021793335
Main-A,any_source_OOD,0,q95,1248,52,0.0037756071378025067,0.0007551214275605014
Main-A,cftc_available,1,q05,1248,52,0.0043655752431602,0.0008731150486320403
Main-A,cftc_available,1,q10,1248,52,0.00040531175342330177,8.106235068466035e-05
Main-A,cftc_available,1,q50,1248,52,5.2766184670265756e-05,1.0553236934053151e-05
Main-A,cftc_available,1,q90,1248,52,-0.001954550010896667,-0.0003909100021793335
Main-A,cftc_available,1,q95,1248,52,0.0037756071378025067,0.0007551214275605014
Main-A,eia_available,0,q05,1092,52,0.0031368142739338955,0.0005489424979384318
Main-A,eia_available,0,q10,1092,52,0.0002957733769008564,5.176034095764988e-05
Main-A,eia_available,0,q50,1092,52,7.13234174049365e-05,1.248159804586389e-05
Main-A,eia_available,0,q90,1092,52,-0.0017635362690855867,-0.0003086188470899777
Main-A,eia_available,0,q95,1092,52,0.003946928026642693,0.0006907124046624713
Main-A,eia_available,1,q05,156,52,0.012966902027744335,0.0003241725506936083
Main-A,eia_available,1,q10,156,52,0.0011720803890804194,2.930200972701048e-05
Main-A,eia_available,1,q50,156,52,-7.713444447242953e-05,-1.9283611118107343e-06
Main-A,eia_available,1,q90,156,52,-0.0032916462035742283,-8.229115508935572e-05
Main-A,eia_available,1,q95,156,52,0.002576360915921202,6.440902289803007e-05
Main-A,macro_available,1,q05,1248,52,0.0043655752431602,0.0008731150486320403
Main-A,macro_available,1,q10,1248,52,0.00040531175342330177,8.106235068466035e-05
Main-A,macro_available,1,q50,1248,52,5.2766184670265756e-05,1.0553236934053151e-05
Main-A,macro_available,1,q90,1248,52,-0.001954550010896667,-0.0003909100021793335
Main-A,macro_available,1,q95,1248,52,0.0037756071378025067,0.0007551214275605014
Main-A,nport_available,nan,q05,1248,52,0.0043655752431602,0.0008731150486320403
Main-A,nport_available,nan,q10,1248,52,0.00040531175342330177,8.106235068466035e-05
Main-A,nport_available,nan,q50,1248,52,5.2766184670265756e-05,1.0553236934053151e-05
Main-A,nport_available,nan,q90,1248,52,-0.001954550010896667,-0.0003909100021793335
Main-A,nport_available,nan,q95,1248,52,0.0037756071378025067,0.0007551214275605014
Main-A,cftc_age_warning99,0,q05,1248,52,0.0043655752431602,0.0008731150486320403
Main-A,cftc_age_warning99,0,q10,1248,52,0.00040531175342330177,8.106235068466035e-05
Main-A,cftc_age_warning99,0,q50,1248,52,5.2766184670265756e-05,1.0553236934053151e-05
Main-A,cftc_age_warning99,0,q90,1248,52,-0.001954550010896667,-0.0003909100021793335
Main-A,cftc_age_warning99,0,q95,1248,52,0.0037756071378025067,0.0007551214275605014
Main-A,eia_age_warning99,-1,q05,1092,52,0.0031368142739338955,0.0005489424979384318
Main-A,eia_age_warning99,-1,q10,1092,52,0.0002957733769008564,5.176034095764988e-05
Main-A,eia_age_warning99,-1,q50,1092,52,7.13234174049365e-05,1.248159804586389e-05
Main-A,eia_age_warning99,-1,q90,1092,52,-0.0017635362690855867,-0.0003086188470899777
Main-A,eia_age_warning99,-1,q95,1092,52,0.003946928026642693,0.0006907124046624713
Main-A,eia_age_warning99,0,q05,156,52,0.012966902027744335,0.0003241725506936083
Main-A,eia_age_warning99,0,q10,156,52,0.0011720803890804194,2.930200972701048e-05
Main-A,eia_age_warning99,0,q50,156,52,-7.713444447242953e-05,-1.9283611118107343e-06
Main-A,eia_age_warning99,0,q90,156,52,-0.0032916462035742283,-8.229115508935572e-05
Main-A,eia_age_warning99,0,q95,156,52,0.002576360915921202,6.440902289803007e-05
Main-A,macro_age_warning99,0,q05,1176,49,0.003690572171822781,0.0006955309093050626
Main-A,macro_age_warning99,0,q10,1176,49,0.0002381845043071424,4.4888618119422964e-05
Main-A,macro_age_warning99,0,q50,1176,49,3.54771843946837e-05,6.6860847513057735e-06
Main-A,macro_age_warning99,0,q90,1176,49,-0.002180431452124253,-0.00041092746597726313
Main-A,macro_age_warning99,0,q95,1176,49,0.004229153372289483,0.0007970327509314798
Main-A,macro_age_warning99,1,q05,72,3,0.015390625408338054,0.00017758413932697758
Main-A,macro_age_warning99,1,q10,72,3,0.0031350568223205734,3.6173732565237374e-05
Main-A,macro_age_warning99,1,q50,72,3,0.0003351531891714389,3.867152182747373e-06
Main-A,macro_age_warning99,1,q90,72,3,0.001734846862487236,2.001746379792965e-05
Main-A,macro_age_warning99,1,q95,72,3,-0.003632314692151445,-4.191132337097821e-05
Main-A,nport_age_warning99,nan,q05,1248,52,0.0043655752431602,0.0008731150486320403
Main-A,nport_age_warning99,nan,q10,1248,52,0.00040531175342330177,8.106235068466035e-05
Main-A,nport_age_warning99,nan,q50,1248,52,5.2766184670265756e-05,1.0553236934053151e-05
Main-A,nport_age_warning99,nan,q90,1248,52,-0.001954550010896667,-0.0003909100021793335
Main-A,nport_age_warning99,nan,q95,1248,52,0.0037756071378025067,0.0007551214275605014
Nested-B,ALL,ALL,q05,1248,52,0.0,0.0
Nested-B,ALL,ALL,q10,1248,52,0.0,0.0
Nested-B,ALL,ALL,q50,1248,52,0.005099070015505784,0.0010198140031011569
Nested-B,ALL,ALL,q90,1248,52,0.0,0.0
Nested-B,ALL,ALL,q95,1248,52,0.0,0.0
Nested-B,asset,GLD,q05,156,52,0.0,0.0
Nested-B,asset,GLD,q10,156,52,0.0,0.0
Nested-B,asset,GLD,q50,156,52,0.003834018215878872,9.585045539697179e-05
Nested-B,asset,GLD,q90,156,52,0.0,0.0
Nested-B,asset,GLD,q95,156,52,0.0,0.0
Nested-B,asset,IEF,q05,156,52,0.0,0.0
Nested-B,asset,IEF,q10,156,52,0.0,0.0
Nested-B,asset,IEF,q50,156,52,0.0021760768679001965,5.440192169750491e-05
Nested-B,asset,IEF,q90,156,52,0.0,0.0
Nested-B,asset,IEF,q95,156,52,0.0,0.0
Nested-B,asset,QQQ,q05,156,52,0.0,0.0
Nested-B,asset,QQQ,q10,156,52,0.0,0.0
Nested-B,asset,QQQ,q50,156,52,0.010769618662912952,0.00026924046657282385
Nested-B,asset,QQQ,q90,156,52,0.0,0.0
Nested-B,asset,QQQ,q95,156,52,0.0,0.0
Nested-B,asset,SLV,q05,156,52,0.0,0.0
Nested-B,asset,SLV,q10,156,52,0.0,0.0
Nested-B,asset,SLV,q50,156,52,0.0031621974189323726,7.90549354733093e-05
Nested-B,asset,SLV,q90,156,52,0.0,0.0
Nested-B,asset,SLV,q95,156,52,0.0,0.0
Nested-B,asset,SPY,q05,156,52,0.0,0.0
Nested-B,asset,SPY,q10,156,52,0.0,0.0
Nested-B,asset,SPY,q50,156,52,0.006718568580419192,0.0001679642145104798
Nested-B,asset,SPY,q90,156,52,0.0,0.0
Nested-B,asset,SPY,q95,156,52,0.0,0.0
Nested-B,asset,TLT,q05,156,52,0.0,0.0
Nested-B,asset,TLT,q10,156,52,0.0,0.0
Nested-B,asset,TLT,q50,156,52,0.005060451081832136,0.0001265112770458034
Nested-B,asset,TLT,q90,156,52,0.0,0.0
Nested-B,asset,TLT,q95,156,52,0.0,0.0
Nested-B,asset,UNG,q05,156,52,0.0,0.0
Nested-B,asset,UNG,q10,156,52,0.0,0.0
Nested-B,asset,UNG,q50,156,52,-0.0014394870139655342,-3.598717534913838e-05
Nested-B,asset,UNG,q90,156,52,0.0,0.0
Nested-B,asset,UNG,q95,156,52,0.0,0.0
Nested-B,asset,USO,q05,156,52,0.0,0.0
Nested-B,asset,USO,q10,156,52,0.0,0.0
Nested-B,asset,USO,q50,156,52,0.010511116310136088,0.00026277790775340224
Nested-B,asset,USO,q90,156,52,0.0,0.0
Nested-B,asset,USO,q95,156,52,0.0,0.0
Nested-B,seed,11,q05,416,52,0.0,0.0
Nested-B,seed,11,q10,416,52,0.0,0.0
Nested-B,seed,11,q50,416,52,0.0030360957851625976,0.0002024063856775065
Nested-B,seed,11,q90,416,52,0.0,0.0
Nested-B,seed,11,q95,416,52,0.0,0.0
Nested-B,seed,37,q05,416,52,0.0,0.0
Nested-B,seed,37,q10,416,52,0.0,0.0
Nested-B,seed,37,q50,416,52,0.003951374287834961,0.0002634249525223308
Nested-B,seed,37,q90,416,52,0.0,0.0
Nested-B,seed,37,q95,416,52,0.0,0.0
Nested-B,seed,71,q05,416,52,0.0,0.0
Nested-B,seed,71,q10,416,52,0.0,0.0
Nested-B,seed,71,q50,416,52,0.008309739973519794,0.0005539826649013196
Nested-B,seed,71,q90,416,52,0.0,0.0
Nested-B,seed,71,q95,416,52,0.0,0.0
Nested-B,realized_vol_20_regime,HIGH,q05,420,52,0.0,0.0
Nested-B,realized_vol_20_regime,HIGH,q10,420,52,0.0,0.0
Nested-B,realized_vol_20_regime,HIGH,q50,420,52,0.0038733100046193097,0.0003057227317513322
Nested-B,realized_vol_20_regime,HIGH,q90,420,52,0.0,0.0
Nested-B,realized_vol_20_regime,HIGH,q95,420,52,0.0,0.0
Nested-B,realized_vol_20_regime,LOW,q05,129,40,0.0,0.0
Nested-B,realized_vol_20_regime,LOW,q10,129,40,0.0,0.0
Nested-B,realized_vol_20_regime,LOW,q50,129,40,0.003793882705934934,7.78301534639852e-05
Nested-B,realized_vol_20_regime,LOW,q90,129,40,0.0,0.0
Nested-B,realized_vol_20_regime,LOW,q95,129,40,0.0,0.0
Nested-B,realized_vol_20_regime,MID,q05,699,52,0.0,0.0
Nested-B,realized_vol_20_regime,MID,q10,699,52,0.0,0.0
Nested-B,realized_vol_20_regime,MID,q50,699,52,0.005438961580523412,0.0006362611178858397
Nested-B,realized_vol_20_regime,MID,q90,699,52,0.0,0.0
Nested-B,realized_vol_20_regime,MID,q95,699,52,0.0,0.0
Nested-B,return_1w_regime,HIGH,q05,342,42,0.0,0.0
Nested-B,return_1w_regime,HIGH,q10,342,42,0.0,0.0
Nested-B,return_1w_regime,HIGH,q50,342,42,0.0027189396510377793,0.0002497003998507024
Nested-B,return_1w_regime,HIGH,q90,342,42,0.0,0.0
Nested-B,return_1w_regime,HIGH,q95,342,42,0.0,0.0
Nested-B,return_1w_regime,LOW,q05,528,46,0.0,0.0
Nested-B,return_1w_regime,LOW,q10,528,46,0.0,0.0
Nested-B,return_1w_regime,LOW,q50,528,46,0.006157791494086551,0.0004947507570951813
Nested-B,return_1w_regime,LOW,q90,528,46,0.0,0.0
Nested-B,return_1w_regime,LOW,q95,528,46,0.0,0.0
Nested-B,return_1w_regime,MID,q05,378,46,0.0,0.0
Nested-B,return_1w_regime,MID,q10,378,46,0.0,0.0
Nested-B,return_1w_regime,MID,q50,378,46,0.0039367324173536465,0.00027536284615527304
Nested-B,return_1w_regime,MID,q90,378,46,0.0,0.0
Nested-B,return_1w_regime,MID,q95,378,46,0.0,0.0
Nested-B,return_4w_regime,HIGH,q05,312,41,0.0,0.0
Nested-B,return_4w_regime,HIGH,q10,312,41,0.0,0.0
Nested-B,return_4w_regime,HIGH,q50,312,41,0.003596569577875145,7.372983141592935e-05
Nested-B,return_4w_regime,HIGH,q90,312,41,0.0,0.0
Nested-B,return_4w_regime,HIGH,q95,312,41,0.0,0.0
Nested-B,return_4w_regime,LOW,q05,567,49,0.0,0.0
Nested-B,return_4w_regime,LOW,q10,567,49,0.0,0.0
Nested-B,return_4w_regime,LOW,q50,567,49,0.0037520435172783586,0.0004951034645176704
Nested-B,return_4w_regime,LOW,q90,567,49,0.0,0.0
Nested-B,return_4w_regime,LOW,q95,567,49,0.0,0.0
Nested-B,return_4w_regime,MID,q05,369,46,0.0,0.0
Nested-B,return_4w_regime,MID,q10,369,46,0.0,0.0
Nested-B,return_4w_regime,MID,q50,369,46,0.007100368407428011,0.000450980707167557
Nested-B,return_4w_regime,MID,q90,369,46,0.0,0.0
Nested-B,return_4w_regime,MID,q95,369,46,0.0,0.0
Nested-B,OUTCOME_CONDITIONAL_magnitude,HIGH,q05,465,52,0.0,0.0
Nested-B,OUTCOME_CONDITIONAL_magnitude,HIGH,q10,465,52,0.0,0.0
Nested-B,OUTCOME_CONDITIONAL_magnitude,HIGH,q50,465,52,0.001229959187973461,9.425867080601104e-05
Nested-B,OUTCOME_CONDITIONAL_magnitude,HIGH,q90,465,52,0.0,0.0
Nested-B,OUTCOME_CONDITIONAL_magnitude,HIGH,q95,465,52,0.0,0.0
Nested-B,OUTCOME_CONDITIONAL_magnitude,LOW,q05,156,34,0.0,0.0
Nested-B,OUTCOME_CONDITIONAL_magnitude,LOW,q10,156,34,0.0,0.0
Nested-B,OUTCOME_CONDITIONAL_magnitude,LOW,q50,156,34,0.011752408947376567,0.0002676625681370224
Nested-B,OUTCOME_CONDITIONAL_magnitude,LOW,q90,156,34,0.0,0.0
Nested-B,OUTCOME_CONDITIONAL_magnitude,LOW,q95,156,34,0.0,0.0
Nested-B,OUTCOME_CONDITIONAL_magnitude,MID,q05,627,52,0.0,0.0
Nested-B,OUTCOME_CONDITIONAL_magnitude,MID,q10,627,52,0.0,0.0
Nested-B,OUTCOME_CONDITIONAL_magnitude,MID,q50,627,52,0.0069894056233546515,0.0006578927641581235
Nested-B,OUTCOME_CONDITIONAL_magnitude,MID,q90,627,52,0.0,0.0
Nested-B,OUTCOME_CONDITIONAL_magnitude,MID,q95,627,52,0.0,0.0
Nested-B,availability_count,2,q05,468,52,0.0,0.0
Nested-B,availability_count,2,q10,468,52,0.0,0.0
Nested-B,availability_count,2,q50,468,52,0.0018522428736152357,0.00013891821552114268
Nested-B,availability_count,2,q90,468,52,0.0,0.0
Nested-B,availability_count,2,q95,468,52,0.0,0.0
Nested-B,availability_count,3,q05,780,52,0.0,0.0
Nested-B,availability_count,3,q10,780,52,0.0,0.0
Nested-B,availability_count,3,q50,780,52,0.007047166300640112,0.0008808957875800141
Nested-B,availability_count,3,q90,780,52,0.0,0.0
Nested-B,availability_count,3,q95,780,52,0.0,0.0
Nested-B,any_source_OOD,0,q05,1248,52,0.0,0.0
Nested-B,any_source_OOD,0,q10,1248,52,0.0,0.0
Nested-B,any_source_OOD,0,q50,1248,52,0.005099070015505784,0.0010198140031011569
Nested-B,any_source_OOD,0,q90,1248,52,0.0,0.0
Nested-B,any_source_OOD,0,q95,1248,52,0.0,0.0
Nested-B,cftc_available,1,q05,1248,52,0.0,0.0
Nested-B,cftc_available,1,q10,1248,52,0.0,0.0
Nested-B,cftc_available,1,q50,1248,52,0.005099070015505784,0.0010198140031011569
Nested-B,cftc_available,1,q90,1248,52,0.0,0.0
Nested-B,cftc_available,1,q95,1248,52,0.0,0.0
Nested-B,eia_available,0,q05,1092,52,0.0,0.0
Nested-B,eia_available,0,q10,1092,52,0.0,0.0
Nested-B,eia_available,0,q50,1092,52,0.0043259205448443125,0.0007570360953477546
Nested-B,eia_available,0,q90,1092,52,0.0,0.0
Nested-B,eia_available,0,q95,1092,52,0.0,0.0
Nested-B,eia_available,1,q05,156,52,0.0,0.0
Nested-B,eia_available,1,q10,156,52,0.0,0.0
Nested-B,eia_available,1,q50,156,52,0.010511116310136088,0.00026277790775340224
Nested-B,eia_available,1,q90,156,52,0.0,0.0
Nested-B,eia_available,1,q95,156,52,0.0,0.0
Nested-B,macro_available,1,q05,1248,52,0.0,0.0
Nested-B,macro_available,1,q10,1248,52,0.0,0.0
Nested-B,macro_available,1,q50,1248,52,0.005099070015505784,0.0010198140031011569
Nested-B,macro_available,1,q90,1248,52,0.0,0.0
Nested-B,macro_available,1,q95,1248,52,0.0,0.0
Nested-B,nport_available,0.0,q05,624,52,0.0,0.0
Nested-B,nport_available,0.0,q10,624,52,0.0,0.0
Nested-B,nport_available,0.0,q50,624,52,0.004016961232745449,0.0004016961232745449
Nested-B,nport_available,0.0,q90,624,52,0.0,0.0
Nested-B,nport_available,0.0,q95,624,52,0.0,0.0
Nested-B,nport_available,1.0,q05,624,52,0.0,0.0
Nested-B,nport_available,1.0,q10,624,52,0.0,0.0
Nested-B,nport_available,1.0,q50,624,52,0.006181178798266119,0.0006181178798266119
Nested-B,nport_available,1.0,q90,624,52,0.0,0.0
Nested-B,nport_available,1.0,q95,624,52,0.0,0.0
Nested-B,cftc_age_warning99,0,q05,1248,52,0.0,0.0
Nested-B,cftc_age_warning99,0,q10,1248,52,0.0,0.0
Nested-B,cftc_age_warning99,0,q50,1248,52,0.005099070015505784,0.0010198140031011569
Nested-B,cftc_age_warning99,0,q90,1248,52,0.0,0.0
Nested-B,cftc_age_warning99,0,q95,1248,52,0.0,0.0
Nested-B,eia_age_warning99,-1,q05,1092,52,0.0,0.0
Nested-B,eia_age_warning99,-1,q10,1092,52,0.0,0.0
Nested-B,eia_age_warning99,-1,q50,1092,52,0.0043259205448443125,0.0007570360953477546
Nested-B,eia_age_warning99,-1,q90,1092,52,0.0,0.0
Nested-B,eia_age_warning99,-1,q95,1092,52,0.0,0.0
Nested-B,eia_age_warning99,0,q05,153,51,0.0,0.0
Nested-B,eia_age_warning99,0,q10,153,51,0.0,0.0
Nested-B,eia_age_warning99,0,q50,153,51,0.010360601671173107,0.00025403398328357145
Nested-B,eia_age_warning99,0,q90,153,51,0.0,0.0
Nested-B,eia_age_warning99,0,q95,153,51,0.0,0.0
Nested-B,eia_age_warning99,1,q05,3,1,0.0,0.0
Nested-B,eia_age_warning99,1,q10,3,1,0.0,0.0
Nested-B,eia_age_warning99,1,q50,3,1,0.01818736289724809,8.743924469830812e-06
Nested-B,eia_age_warning99,1,q90,3,1,0.0,0.0
Nested-B,eia_age_warning99,1,q95,3,1,0.0,0.0
Nested-B,macro_age_warning99,0,q05,1224,51,0.0,0.0
Nested-B,macro_age_warning99,0,q10,1224,51,0.0,0.0
Nested-B,macro_age_warning99,0,q50,1224,51,0.005407069356676682,0.0010606174507327337
Nested-B,macro_age_warning99,0,q90,1224,51,0.0,0.0
Nested-B,macro_age_warning99,0,q95,1224,51,0.0,0.0
Nested-B,macro_age_warning99,1,q05,24,1,0.0,0.0
Nested-B,macro_age_warning99,1,q10,24,1,0.0,0.0
Nested-B,macro_age_warning99,1,q50,24,1,-0.010608896384210005,-4.080344763157695e-05
Nested-B,macro_age_warning99,1,q90,24,1,0.0,0.0
Nested-B,macro_age_warning99,1,q95,24,1,0.0,0.0
Nested-B,nport_age_warning99,-1.0,q05,624,52,0.0,0.0
Nested-B,nport_age_warning99,-1.0,q10,624,52,0.0,0.0
Nested-B,nport_age_warning99,-1.0,q50,624,52,0.004016961232745449,0.0004016961232745449
Nested-B,nport_age_warning99,-1.0,q90,624,52,0.0,0.0
Nested-B,nport_age_warning99,-1.0,q95,624,52,0.0,0.0
Nested-B,nport_age_warning99,0.0,q05,612,52,0.0,0.0
Nested-B,nport_age_warning99,0.0,q10,612,52,0.0,0.0
Nested-B,nport_age_warning99,0.0,q50,612,52,0.005359989371182163,0.0005907448989238134
Nested-B,nport_age_warning99,0.0,q90,612,52,0.0,0.0
Nested-B,nport_age_warning99,0.0,q95,612,52,0.0,0.0
Nested-B,nport_age_warning99,1.0,q05,12,3,0.0,0.0
Nested-B,nport_age_warning99,1.0,q10,12,3,0.0,0.0
Nested-B,nport_age_warning99,1.0,q50,12,3,0.009489300046303526,2.7372980902798648e-05
Nested-B,nport_age_warning99,1.0,q90,12,3,0.0,0.0
Nested-B,nport_age_warning99,1.0,q95,12,3,0.0,0.0
