track,model,USO_loss_share,top5_week_loss_share,dates
Main-A,BAR,0.47685736183251487,0.570430574976003,52
Main-A,SIA_calibrated_v34,0.48023786621674586,0.5779291349007923,52
Main-A,SIA_v2,0.4808552878434219,0.5775332679875268,52
Main-A,original_RGMF,0.4795307281032016,0.5718393137503351,52
Main-A,strong_I0,0.47787621481514053,0.5704547229240545,52
Nested-B,BAR,0.035955539461783974,0.20768222702819356,52
Nested-B,SIA_calibrated_v34,0.011073546304774185,0.2187192571071612,52
Nested-B,SIA_v2,0.010155977854828545,0.21865482958503638,52
Nested-B,original_RGMF,0.00931693838518135,0.21165175804282635,52
Nested-B,strong_I0,0.03906109530826518,0.20681059559151654,52
