track,statistic,leading,lookback,window,required_prior_dates,OOF_dates,eligible_dates,exceedance_dates,state,first_feasible_decision,first_computation_time,exceedance_fraction,alert_runs,maximum_run,threshold_min,threshold_max,median_maturity_lag_days
Main-A,normalized_median_absolute_error,False,26,13,38,441,403,72,DRY_RUN_DESCRIPTIVE,2012-04-06 22:00:00+00:00,2012-04-13 00:30:00+00:00,0.17866004962779156,16.0,13.0,0.5328157231309675,1.2644822970874847,6.104166666666667
Main-A,normalized_median_absolute_error,False,26,26,51,441,390,80,DRY_RUN_DESCRIPTIVE,2012-07-06 22:00:00+00:00,2012-07-13 00:30:00+00:00,0.20512820512820512,14.0,18.0,0.5250576853530147,0.9986390431475909,6.104166666666667
Main-A,normalized_median_absolute_error,False,52,13,64,441,377,48,DRY_RUN_DESCRIPTIVE,2012-10-05 22:00:00+00:00,2012-10-12 00:30:00+00:00,0.1273209549071618,6.0,20.0,0.6210733417940082,1.2129577350565133,6.104166666666667
Main-A,normalized_median_absolute_error,False,52,26,77,441,364,56,DRY_RUN_DESCRIPTIVE,2013-01-04 23:00:00+00:00,2013-01-11 01:30:00+00:00,0.15384615384615385,9.0,18.0,0.5863776919516472,0.957311147905169,6.104166666666667
Main-A,interval90_miss_fraction,False,26,13,38,441,403,77,DRY_RUN_DESCRIPTIVE,2012-04-06 22:00:00+00:00,2012-04-13 00:30:00+00:00,0.19106699751861042,18.0,17.0,0.022435897435897436,0.2836538461538462,6.104166666666667
Main-A,interval90_miss_fraction,False,26,26,51,441,390,77,DRY_RUN_DESCRIPTIVE,2012-07-06 22:00:00+00:00,2012-07-13 00:30:00+00:00,0.19743589743589743,16.0,18.0,0.017628205128205135,0.20793269230769235,6.104166666666667
Main-A,interval90_miss_fraction,False,52,13,64,441,377,48,DRY_RUN_DESCRIPTIVE,2012-10-05 22:00:00+00:00,2012-10-12 00:30:00+00:00,0.1273209549071618,10.0,17.0,0.030288461538461535,0.27532051282051284,6.104166666666667
Main-A,interval90_miss_fraction,False,52,26,77,441,364,67,DRY_RUN_DESCRIPTIVE,2013-01-04 23:00:00+00:00,2013-01-11 01:30:00+00:00,0.18406593406593408,9.0,19.0,0.04807692307692309,0.19703525641025638,6.104166666666667
Main-A,normalized_interval90_width,True,26,13,38,441,403,106,DRY_RUN_DESCRIPTIVE,2012-04-06 22:00:00+00:00,2012-04-06 22:00:00+00:00,0.2630272952853598,8.0,30.0,2.7843529462011385,3.241413592814638,6.104166666666667
Main-A,normalized_interval90_width,True,26,26,51,441,390,124,DRY_RUN_DESCRIPTIVE,2012-07-06 22:00:00+00:00,2012-07-06 22:00:00+00:00,0.31794871794871793,9.0,25.0,2.7889861966937026,3.1823261774813725,6.104166666666667
Main-A,normalized_interval90_width,True,52,13,64,441,377,59,DRY_RUN_DESCRIPTIVE,2012-10-05 22:00:00+00:00,2012-10-05 22:00:00+00:00,0.15649867374005305,6.0,18.0,2.797755043686201,3.2386602652187566,6.104166666666667
Main-A,normalized_interval90_width,True,52,26,77,441,364,73,DRY_RUN_DESCRIPTIVE,2013-01-04 23:00:00+00:00,2013-01-04 23:00:00+00:00,0.20054945054945056,7.0,26.0,2.803231922580076,3.177794674889019,6.104166666666667
Nested-B,normalized_median_absolute_error,False,26,13,38,66,28,3,DRY_RUN_DESCRIPTIVE,2021-06-18 22:00:00+00:00,2021-06-25 00:30:00+00:00,0.10714285714285714,1.0,3.0,0.6383991655650518,0.68836127261963,6.104166666666667
Nested-B,normalized_median_absolute_error,False,26,26,51,66,15,2,DRY_RUN_DESCRIPTIVE,2021-09-17 22:00:00+00:00,2021-09-24 00:30:00+00:00,0.13333333333333333,1.0,2.0,0.5996461076261149,0.6290837060125332,6.104166666666667
Nested-B,normalized_median_absolute_error,False,52,13,64,66,2,0,DRY_RUN_DESCRIPTIVE,2021-12-17 23:00:00+00:00,2021-12-24 01:30:00+00:00,0.0,0.0,0.0,0.6815568952718664,0.6815568952718664,6.104166666666667
Nested-B,normalized_median_absolute_error,False,52,26,77,66,0,0,UNDERPOWERED_NO_ELIGIBLE_DATE,,,,,,,,
Nested-B,interval90_miss_fraction,False,26,13,38,66,28,5,DRY_RUN_DESCRIPTIVE,2021-06-18 22:00:00+00:00,2021-06-25 00:30:00+00:00,0.17857142857142858,3.0,3.0,0.07291666666666667,0.08974358974358976,6.104166666666667
Nested-B,interval90_miss_fraction,False,26,26,51,66,15,3,DRY_RUN_DESCRIPTIVE,2021-09-17 22:00:00+00:00,2021-09-24 00:30:00+00:00,0.2,2.0,2.0,0.0653044871794872,0.08012820512820515,6.104166666666667
Nested-B,interval90_miss_fraction,False,52,13,64,66,2,0,DRY_RUN_DESCRIPTIVE,2021-12-17 23:00:00+00:00,2021-12-24 01:30:00+00:00,0.0,0.0,0.0,0.08974358974358976,0.08974358974358976,6.104166666666667
Nested-B,interval90_miss_fraction,False,52,26,77,66,0,0,UNDERPOWERED_NO_ELIGIBLE_DATE,,,,,,,,
Nested-B,normalized_interval90_width,True,26,13,38,66,28,1,DRY_RUN_DESCRIPTIVE,2021-06-18 22:00:00+00:00,2021-06-18 22:00:00+00:00,0.03571428571428571,1.0,1.0,3.001845002341543,3.092535125617035,6.104166666666667
Nested-B,normalized_interval90_width,True,26,26,51,66,15,0,DRY_RUN_DESCRIPTIVE,2021-09-17 22:00:00+00:00,2021-09-17 22:00:00+00:00,0.0,0.0,0.0,3.0339589343071984,3.0780451981923918,6.104166666666667
Nested-B,normalized_interval90_width,True,52,13,64,66,2,0,DRY_RUN_DESCRIPTIVE,2021-12-17 23:00:00+00:00,2021-12-17 23:00:00+00:00,0.0,0.0,0.0,3.0905492897121585,3.0905492897121585,6.104166666666667
Nested-B,normalized_interval90_width,True,52,26,77,66,0,0,UNDERPOWERED_NO_ELIGIBLE_DATE,,,,,,,,
