track,model,slice,value,rows,distinct_dates,assets,seeds,status,loss,raw_loss,normalized_bias,normalized_abs_error,coverage80,coverage90,width80,width90,normalized_width80,normalized_width90,interval_score80,interval_score90,normalized_interval_score80,normalized_interval_score90,coverage_q05,coverage_pp_q05,pinball_q05,raw_pinball_q05,expected_tail_dates_q05,coverage_q10,coverage_pp_q10,pinball_q10,raw_pinball_q10,expected_tail_dates_q10,coverage_q50,coverage_pp_q50,pinball_q50,raw_pinball_q50,expected_tail_dates_q50,coverage_q90,coverage_pp_q90,pinball_q90,raw_pinball_q90,expected_tail_dates_q90,coverage_q95,coverage_pp_q95,pinball_q95,raw_pinball_q95,expected_tail_dates_q95,descriptive_mean_abs_quantile_coverage_deviation,max_abs_forecast,p99_abs_forecast,catastrophic_rows,crossings,tail_support
Main-A,BAR,ALL,ALL,1248,52,8,3,DESCRIPTIVE,0.5008067855724494,0.018015232093892764,0.4544020445820112,1.3758119621837939,0.6939102564102563,0.782051282051282,0.09921601178384912,0.13781452188529478,2.0689965047781587,2.8681661107113494,0.3613385560878699,0.6103135254523354,9.913623238851143,16.495312457704713,0.08573717948717949,3.5737179487179485,0.2594279782800063,0.009045299859108184,2.6,0.12099358974358974,2.099358974358974,0.35753765833228424,0.012396535658549677,5.2,0.44310897435897434,-5.689102564102566,0.6879059810918969,0.023426628588060064,26.0,0.8149038461538461,-8.509615384615387,0.63382466555283,0.023737319950237312,5.199999999999999,0.8677884615384616,-8.22115384615384,0.5653376446052294,0.021470376413508588,2.6000000000000023,0.056185897435897435,0.3179818794196137,0.3140938099505673,0,0,EXPECTED_TAIL_DATES_BELOW_20
Main-A,SIA_calibrated_v34,ALL,ALL,1248,52,8,3,DESCRIPTIVE,0.49458058685069395,0.017607795288013286,0.35437526679295284,1.3645282604890216,0.7051282051282051,0.7884615384615384,0.09127358402710593,0.12659424516925236,2.1049595465260995,2.834572962793342,0.34946280556961296,0.5927785885233932,9.763763663492664,16.28524875319386,0.08733974358974358,3.733974358974358,0.2625555730555828,0.008819720841288882,2.6,0.1201923076923077,2.019230769230769,0.35849441286511097,0.012000747105664237,5.2,0.4887820512820512,-1.121794871794879,0.6822641302445108,0.02345376645693548,26.0,0.8253205128205129,-7.467948717948714,0.6178819534841554,0.022945533451297056,5.199999999999999,0.875801282051282,-7.41987179487179,0.5517068646041102,0.02081920858488078,2.6000000000000023,0.04352564102564102,0.3606724050692184,0.28708336138854096,0,0,EXPECTED_TAIL_DATES_BELOW_20
Main-A,SIA_v2,ALL,ALL,1248,52,8,3,DESCRIPTIVE,0.493251644789062,0.017594205000207037,0.3586724339408724,1.3644227281196804,0.7003205128205128,0.7996794871794871,0.09038165262439203,0.1347927027430248,2.0864850319026473,3.0043870582221435,0.3493012634471553,0.5925804112901185,9.779256046067394,16.122425105574603,0.08092948717948717,3.0929487179487167,0.25818999781242263,0.008835803991352875,2.6,0.12259615384615384,2.2596153846153837,0.35808910111168757,0.012017084346783698,5.2,0.49038461538461536,-0.9615384615384637,0.6822113640598402,0.023411878091813706,26.0,0.8229166666666667,-7.708333333333329,0.6198365034950518,0.02291304199793183,5.199999999999999,0.8806089743589745,-6.9391025641025506,0.5479312574663077,0.020793216573153053,2.6000000000000023,0.04192307692307688,0.3684632918173181,0.30195383479111204,0,0,EXPECTED_TAIL_DATES_BELOW_20
Main-A,original_RGMF,ALL,ALL,1248,52,8,3,DESCRIPTIVE,0.5006139529874871,0.017846957212605995,0.4142508620077797,1.3796813783088586,0.6770833333333333,0.7940705128205128,0.08546862796984105,0.13513356866713278,1.9726577214777283,3.017385952986589,0.3528267984195903,0.599558502175243,9.976029007401486,16.31252350085714,0.08814102564102563,3.814102564102563,0.2616708226858348,0.008891217105332192,2.6,0.1282051282051282,2.820512820512819,0.3638628428322152,0.012110401806889578,5.2,0.4607371794871794,-3.9262820512820595,0.6898406891544293,0.023974181112308795,26.0,0.8052884615384616,-9.471153846153847,0.6337400579079335,0.02317227803506946,5.199999999999999,0.8822115384615384,-6.7788461538461515,0.5539553523570222,0.02108670800342995,2.6000000000000023,0.05362179487179488,0.4986784285374225,0.339691694212117,0,0,EXPECTED_TAIL_DATES_BELOW_20
Main-A,strong_I0,ALL,ALL,1248,52,8,3,DESCRIPTIVE,0.49891034671070195,0.01807813206812216,0.43519665571612615,1.3752152602094645,0.7067307692307693,0.7932692307692307,0.10512205296555005,0.14385095095105715,2.177385950141542,2.979574986211297,0.3636235356027368,0.6111269624259588,9.873465419793632,16.391951229388276,0.07932692307692307,2.932692307692307,0.25813035557521086,0.009091774391014957,2.6,0.11778846153846154,1.778846153846153,0.35685796446005635,0.01253659537441924,5.2,0.4543269230769231,-4.5673076923076925,0.6876076301047322,0.023471958659039196,26.0,0.8245192307692307,-7.54807692307693,0.6304885775193069,0.023825758185854425,5.199999999999999,0.8725961538461539,-7.74038461538461,0.5614672058942031,0.02146457373028297,2.6000000000000023,0.04913461538461539,0.3290734983818782,0.3290734983818782,0,0,EXPECTED_TAIL_DATES_BELOW_20
Nested-B,BAR,ALL,ALL,1248,52,8,3,DESCRIPTIVE,0.27492766921374706,0.013993961533692503,-0.19922153743512735,1.0142332142955108,0.6073717948717948,0.7636217948717948,0.2272692082302972,0.3335421765748862,2.1685270204627667,3.1555196957279374,0.31750319731532445,0.4271653030889002,5.383373108016373,6.583688562386854,0.15464743589743588,10.464743589743588,0.17928381375406605,0.010721299863887748,2.6,0.23958333333333334,13.958333333333334,0.29139036687846653,0.016049879781686913,5.2,0.5328525641025641,3.2852564102564097,0.5071166071477554,0.016861222782485034,26.0,0.8469551282051282,-5.304487179487182,0.24694694392317074,0.01570043994984554,5.199999999999999,0.9182692307692307,-3.173076923076923,0.14990061436527663,0.010636965290557273,2.6000000000000023,0.07237179487179488,1.0520139500172003,1.0505055752233405,0,0,EXPECTED_TAIL_DATES_BELOW_20
Nested-B,SIA_calibrated_v34,ALL,ALL,1248,52,8,3,DESCRIPTIVE,0.27509740481684686,0.00977678823903972,-0.37667509179880043,1.0559897647361327,0.5897435897435898,0.7876602564102565,0.08793195109562671,0.1495634735337257,1.996081677005771,3.050560766544484,0.18558097495728879,0.23899988049933876,5.345266073651613,6.259310687020126,0.15224358974358973,10.224358974358973,0.1710191155425934,0.006264412693537841,2.6,0.26442307692307687,16.442307692307686,0.30101330463229,0.010100654703720239,5.2,0.609775641025641,10.977564102564097,0.5279948823680664,0.018375849674502783,26.0,0.8541666666666667,-4.583333333333329,0.23351330273287133,0.008457442792008638,5.199999999999999,0.939903846153846,-1.0096153846153921,0.14194641880841302,0.005685581331429101,2.6000000000000023,0.08647435897435896,0.4577868764439751,0.30167677016934924,0,0,EXPECTED_TAIL_DATES_BELOW_20
Nested-B,SIA_v2,ALL,ALL,1248,52,8,3,DESCRIPTIVE,0.27407759081374566,0.009589599084851415,-0.31973929152097996,1.045791624705121,0.5897435897435898,0.7876602564102565,0.08793195109562671,0.1495634735337257,1.996081677005771,3.050560766544484,0.18558097495728879,0.23899988049933876,5.345266073651613,6.259310687020126,0.15224358974358973,10.224358974358973,0.1710191155425934,0.006264412693537841,2.6,0.26442307692307687,16.442307692307686,0.30101330463229,0.010100654703720239,5.2,0.5657051282051282,6.570512820512819,0.5228958123525606,0.017439903903561257,26.0,0.8541666666666667,-4.583333333333329,0.23351330273287133,0.008457442792008638,5.199999999999999,0.939903846153846,-1.0096153846153921,0.14194641880841302,0.005685581331429101,2.6000000000000023,0.0776602564102564,0.4577868764439751,0.30167677016934924,0,0,EXPECTED_TAIL_DATES_BELOW_20
Nested-B,original_RGMF,ALL,ALL,1248,52,8,3,DESCRIPTIVE,0.32294800149440533,0.011492332035726279,-0.49884743861869574,1.1215954207533687,0.46794871794871795,0.6963141025641026,0.07522234793187446,0.15473273579642435,1.6968562978137753,2.9468825213814145,0.23190026876312936,0.3053245869361317,6.6525495517704964,7.7737468383658515,0.24198717948717946,19.19871794871795,0.24216318424682945,0.009118076224750542,2.6,0.4022435897435897,30.224358974358967,0.4218295710674746,0.014490099343677475,5.2,0.6386217948717949,13.862179487179493,0.5607977103766844,0.019005403955511892,26.0,0.8701923076923076,-2.9807692307692424,0.24342538410957507,0.008699927532635456,5.199999999999999,0.938301282051282,-1.1698717948717907,0.14652415767146318,0.006148153122056045,2.6000000000000023,0.13487179487179488,0.7478007494510984,0.3389204105988446,0,0,EXPECTED_TAIL_DATES_BELOW_20
Nested-B,strong_I0,ALL,ALL,1248,52,8,3,DESCRIPTIVE,0.2727332797203498,0.014396310687253722,-0.19035878506330214,1.0128144015496565,0.6177884615384616,0.7788461538461539,0.2432505607241622,0.34959999988519325,2.2712135892357903,3.264190915623291,0.3283796195868574,0.4364866852303147,5.326409465583915,6.492365025370584,0.14423076923076922,9.423076923076922,0.1762639661077713,0.010912529891216065,2.6,0.23557692307692307,13.557692307692307,0.28830693652586237,0.01654298470448024,5.2,0.5649038461538461,6.490384615384615,0.5064072007748283,0.017319257216067117,26.0,0.8533653846153846,-4.663461538461544,0.2443340100325291,0.016294977254205496,5.199999999999999,0.9230769230769231,-2.6923076923076827,0.148354285160758,0.010911804370299679,2.6000000000000023,0.07365384615384614,1.1075989202802454,1.1075989202802454,0,0,EXPECTED_TAIL_DATES_BELOW_20
