track,candidate,control,delta,relative_deterioration_pct,block,draws,dates,lower_descriptive,upper_descriptive,claim
Main-A,SIA_v2,strong_I0,-0.005658701921639808,-1.1342121803942187,4,2000,52,-0.011226757373502105,0.0003301854270334144,EXPLORATORY_DEVELOPMENT_NOT_INDEPENDENT_CONFIRMATION
Main-A,SIA_v2,strong_I0,-0.005658701921639808,-1.1342121803942187,8,2000,52,-0.011772658319565523,-0.00028657253412617094,EXPLORATORY_DEVELOPMENT_NOT_INDEPENDENT_CONFIRMATION
Main-A,SIA_v2,strong_I0,-0.005658701921639808,-1.1342121803942187,13,2000,52,-0.011479238458576076,-0.0009119044564737822,EXPLORATORY_DEVELOPMENT_NOT_INDEPENDENT_CONFIRMATION
Main-A,SIA_calibrated_v34,SIA_v2,0.0013289420616319307,0.2694247602965926,4,2000,52,-8.977127085785987e-05,0.0031601737266394045,EXPLORATORY_DEVELOPMENT_NOT_INDEPENDENT_CONFIRMATION
Main-A,SIA_calibrated_v34,SIA_v2,0.0013289420616319307,0.2694247602965926,8,2000,52,-0.0002306066232693119,0.0031070533894248242,EXPLORATORY_DEVELOPMENT_NOT_INDEPENDENT_CONFIRMATION
Main-A,SIA_calibrated_v34,SIA_v2,0.0013289420616319307,0.2694247602965926,13,2000,52,-0.00011325378707273924,0.002957681654756305,EXPLORATORY_DEVELOPMENT_NOT_INDEPENDENT_CONFIRMATION
Main-A,BAR,strong_I0,0.001896438861747486,0.3801161620019788,4,2000,52,0.0001903713957593741,0.004020453852114261,EXPLORATORY_DEVELOPMENT_NOT_INDEPENDENT_CONFIRMATION
Main-A,BAR,strong_I0,0.001896438861747486,0.3801161620019788,8,2000,52,7.06789176662645e-05,0.004195092938243968,EXPLORATORY_DEVELOPMENT_NOT_INDEPENDENT_CONFIRMATION
Main-A,BAR,strong_I0,0.001896438861747486,0.3801161620019788,13,2000,52,8.109936565455824e-05,0.004268765383745201,EXPLORATORY_DEVELOPMENT_NOT_INDEPENDENT_CONFIRMATION
Nested-B,SIA_v2,strong_I0,0.0013443110933958593,0.49290321106916773,4,2000,52,-0.008460153304138377,0.011104163575341455,EXPLORATORY_DEVELOPMENT_NOT_INDEPENDENT_CONFIRMATION
Nested-B,SIA_v2,strong_I0,0.0013443110933958593,0.49290321106916773,8,2000,52,-0.00889789254997546,0.011517485089026336,EXPLORATORY_DEVELOPMENT_NOT_INDEPENDENT_CONFIRMATION
Nested-B,SIA_v2,strong_I0,0.0013443110933958593,0.49290321106916773,13,2000,52,-0.007770891484348731,0.011921123131921809,EXPLORATORY_DEVELOPMENT_NOT_INDEPENDENT_CONFIRMATION
Nested-B,SIA_calibrated_v34,SIA_v2,0.001019814003101156,0.3720895240188348,4,2000,52,8.968156205548062e-05,0.0019208183700407926,EXPLORATORY_DEVELOPMENT_NOT_INDEPENDENT_CONFIRMATION
Nested-B,SIA_calibrated_v34,SIA_v2,0.001019814003101156,0.3720895240188348,8,2000,52,0.00021420675248787107,0.001822041905315721,EXPLORATORY_DEVELOPMENT_NOT_INDEPENDENT_CONFIRMATION
Nested-B,SIA_calibrated_v34,SIA_v2,0.001019814003101156,0.3720895240188348,13,2000,52,0.0004001828499561065,0.0016729224388510851,EXPLORATORY_DEVELOPMENT_NOT_INDEPENDENT_CONFIRMATION
Nested-B,BAR,strong_I0,0.0021943894933972538,0.804591759262858,4,2000,52,0.0013277559708461462,0.003030346165158067,EXPLORATORY_DEVELOPMENT_NOT_INDEPENDENT_CONFIRMATION
Nested-B,BAR,strong_I0,0.0021943894933972538,0.804591759262858,8,2000,52,0.0012581545387422284,0.0030262290894850024,EXPLORATORY_DEVELOPMENT_NOT_INDEPENDENT_CONFIRMATION
Nested-B,BAR,strong_I0,0.0021943894933972538,0.804591759262858,13,2000,52,0.0013905201446112014,0.002931038288466996,EXPLORATORY_DEVELOPMENT_NOT_INDEPENDENT_CONFIRMATION
